Workbook

Sheet Pesi_Legenda
A1: Venere — Pesi e legenda della scorecard
A2: Criterio | B2: Peso
A3: Convertibilità immobile (destinazione d'uso, spazi, requisiti) | B3: 0.25
A4: Base clienti (dimensione + fedeltà all'insegna) | B4: 0.2
A5: Mix servizi injectables-amenable | B5: 0.1
A6: Bacino / location (reddito, passaggio) | B6: 0.1
A7: Economics e verificabilità (fatturato/margine, anti-nero) | B7: 0.15
A8: Motivazione titolare (vende, permanenza, rollover) | B8: 0.15
A9: Reputazione / compliance | B9: 0.05
A10: Totale pesi (deve = 100%) | B10: =SUM(B3:B9)
A12: Legenda voti (1-5)
A13: 5 = eccellente / GO netto
A14: 4 = buono
A15: 3 = sufficiente / da approfondire
A16: 2 = debole
A17: 1 = red flag / NO-GO su quel criterio
A19: Priorità (dal totale pesato)
A20: A = ≥4 (apri trattativa) · B = 3-4 (coltiva) · C = <3 (scarta)
A22: Celle BLU (gialle) = modificabili. Il totale di ogni riga si ricalcola aprendo il file.

Sheet Scorecard
A1: Venere — Scorecard dei 116 target (centri estetici da medicalizzare)
A2: Compila le colonne BLU (voti 1-5). TOTALE e Priorità si calcolano da soli. Voti guida e pesi nel foglio Pesi_Legenda.
A3: N | B3: Nome centro | C3: Zona | D3: Fonte | E3: Convertibilità immobile | F3: Base clienti | G3: Mix servizi | H3: Bacino/location | I3: Economics/verific. | J3: Motivazione titolare | K3: Reputazione | L3: TOTALE pesato | M3: Priorità | N3: Note | O3: Prossima azione
A4: 1 | B4: ESEMPIO — Bellezza SNC | C4: Navigli | D4: subito.it | E4: 4 | F4: 4 | G4: 3 | H4: 4 | I4: 3 | J4: 5 | K4: 4 | L4: =IF(COUNT(E4:K4)=0,"",E4*Pesi_Legenda!$B$3+F4*Pesi_Legenda!$B$4+G4*Pesi_Legenda!$B$5+H4*Pesi_Legenda!$B$6+I4*Pesi_Legenda!$B$7+J4*Pesi_Legenda!$B$8+K4*Pesi_Legenda!$B$9) | M4: =IF(L4="","",IF(L4>=4,"A",IF(L4>=3,"B","C"))) | N4: Titolare 60 anni, vuole uscire | O4: Sopralluogo + visura destinazione d'uso
A5: 2 | L5: =IF(COUNT(E5:K5)=0,"",E5*Pesi_Legenda!$B$3+F5*Pesi_Legenda!$B$4+G5*Pesi_Legenda!$B$5+H5*Pesi_Legenda!$B$6+I5*Pesi_Legenda!$B$7+J5*Pesi_Legenda!$B$8+K5*Pesi_Legenda!$B$9) | M5: =IF(L5="","",IF(L5>=4,"A",IF(L5>=3,"B","C")))
A6: 3 | L6: =IF(COUNT(E6:K6)=0,"",E6*Pesi_Legenda!$B$3+F6*Pesi_Legenda!$B$4+G6*Pesi_Legenda!$B$5+H6*Pesi_Legenda!$B$6+I6*Pesi_Legenda!$B$7+J6*Pesi_Legenda!$B$8+K6*Pesi_Legenda!$B$9) | M6: =IF(L6="","",IF(L6>=4,"A",IF(L6>=3,"B","C")))
A7: 4 | L7: =IF(COUNT(E7:K7)=0,"",E7*Pesi_Legenda!$B$3+F7*Pesi_Legenda!$B$4+G7*Pesi_Legenda!$B$5+H7*Pesi_Legenda!$B$6+I7*Pesi_Legenda!$B$7+J7*Pesi_Legenda!$B$8+K7*Pesi_Legenda!$B$9) | M7: =IF(L7="","",IF(L7>=4,"A",IF(L7>=3,"B","C")))
A8: 5 | L8: =IF(COUNT(E8:K8)=0,"",E8*Pesi_Legenda!$B$3+F8*Pesi_Legenda!$B$4+G8*Pesi_Legenda!$B$5+H8*Pesi_Legenda!$B$6+I8*Pesi_Legenda!$B$7+J8*Pesi_Legenda!$B$8+K8*Pesi_Legenda!$B$9) | M8: =IF(L8="","",IF(L8>=4,"A",IF(L8>=3,"B","C")))
A9: 6 | L9: =IF(COUNT(E9:K9)=0,"",E9*Pesi_Legenda!$B$3+F9*Pesi_Legenda!$B$4+G9*Pesi_Legenda!$B$5+H9*Pesi_Legenda!$B$6+I9*Pesi_Legenda!$B$7+J9*Pesi_Legenda!$B$8+K9*Pesi_Legenda!$B$9) | M9: =IF(L9="","",IF(L9>=4,"A",IF(L9>=3,"B","C")))
A10: 7 | L10: =IF(COUNT(E10:K10)=0,"",E10*Pesi_Legenda!$B$3+F10*Pesi_Legenda!$B$4+G10*Pesi_Legenda!$B$5+H10*Pesi_Legenda!$B$6+I10*Pesi_Legenda!$B$7+J10*Pesi_Legenda!$B$8+K10*Pesi_Legenda!$B$9) | M10: =IF(L10="","",IF(L10>=4,"A",IF(L10>=3,"B","C")))
A11: 8 | L11: =IF(COUNT(E11:K11)=0,"",E11*Pesi_Legenda!$B$3+F11*Pesi_Legenda!$B$4+G11*Pesi_Legenda!$B$5+H11*Pesi_Legenda!$B$6+I11*Pesi_Legenda!$B$7+J11*Pesi_Legenda!$B$8+K11*Pesi_Legenda!$B$9) | M11: =IF(L11="","",IF(L11>=4,"A",IF(L11>=3,"B","C")))
A12: 9 | L12: =IF(COUNT(E12:K12)=0,"",E12*Pesi_Legenda!$B$3+F12*Pesi_Legenda!$B$4+G12*Pesi_Legenda!$B$5+H12*Pesi_Legenda!$B$6+I12*Pesi_Legenda!$B$7+J12*Pesi_Legenda!$B$8+K12*Pesi_Legenda!$B$9) | M12: =IF(L12="","",IF(L12>=4,"A",IF(L12>=3,"B","C")))
A13: 10 | L13: =IF(COUNT(E13:K13)=0,"",E13*Pesi_Legenda!$B$3+F13*Pesi_Legenda!$B$4+G13*Pesi_Legenda!$B$5+H13*Pesi_Legenda!$B$6+I13*Pesi_Legenda!$B$7+J13*Pesi_Legenda!$B$8+K13*Pesi_Legenda!$B$9) | M13: =IF(L13="","",IF(L13>=4,"A",IF(L13>=3,"B","C")))
A14: 11 | L14: =IF(COUNT(E14:K14)=0,"",E14*Pesi_Legenda!$B$3+F14*Pesi_Legenda!$B$4+G14*Pesi_Legenda!$B$5+H14*Pesi_Legenda!$B$6+I14*Pesi_Legenda!$B$7+J14*Pesi_Legenda!$B$8+K14*Pesi_Legenda!$B$9) | M14: =IF(L14="","",IF(L14>=4,"A",IF(L14>=3,"B","C")))
A15: 12 | L15: =IF(COUNT(E15:K15)=0,"",E15*Pesi_Legenda!$B$3+F15*Pesi_Legenda!$B$4+G15*Pesi_Legenda!$B$5+H15*Pesi_Legenda!$B$6+I15*Pesi_Legenda!$B$7+J15*Pesi_Legenda!$B$8+K15*Pesi_Legenda!$B$9) | M15: =IF(L15="","",IF(L15>=4,"A",IF(L15>=3,"B","C")))
A16: 13 | L16: =IF(COUNT(E16:K16)=0,"",E16*Pesi_Legenda!$B$3+F16*Pesi_Legenda!$B$4+G16*Pesi_Legenda!$B$5+H16*Pesi_Legenda!$B$6+I16*Pesi_Legenda!$B$7+J16*Pesi_Legenda!$B$8+K16*Pesi_Legenda!$B$9) | M16: =IF(L16="","",IF(L16>=4,"A",IF(L16>=3,"B","C")))
... A120: 117 | L120: =IF(COUNT(E120:K120)=0,"",E120*Pesi_Legenda!$B$3+F120*Pesi_Legenda!$B$4+G120*Pesi_Legenda!$B$5+H120*Pesi_Legenda!$B$6+I120*Pesi_Legenda!$B$7+J120*Pesi_Legenda!$B$8+K120*Pesi_Legenda!$B$9) | M120: =IF(L120="","",IF(L120>=4,"A",IF(L120>=3,"B","C")))
